{
	"credit": "Made with Blockbench",
	"texture_size": [32, 32],
	"textures": {
		"0": "item/tridentt/trident",
		"particle": "item/tridentt/trident"
	},
	"elements": [
		{
			"name": "trident",
			"from": [6.5, 25, 8.5],
			"to": [9.5, 27, 9.5],
			"rotation": {"angle": 0, "axis": "y", "origin": [8, 0, 9]},
			"faces": {
				"north": {"uv": [2.5, 0.5, 4, 1.5], "texture": "#0"},
				"east": {"uv": [2, 0.5, 2.5, 1.5], "texture": "#0"},
				"south": {"uv": [4.5, 0.5, 6, 1.5], "texture": "#0"},
				"west": {"uv": [4, 0.5, 4.5, 1.5], "texture": "#0"},
				"up": {"uv": [4, 0.5, 2.5, 0], "texture": "#0"},
				"down": {"uv": [5.5, 0, 4, 0.5], "texture": "#0"}
			}
		},
		{
			"name": "trident",
			"from": [7.5, 0, 8.5],
			"to": [8.5, 31, 9.5],
			"rotation": {"angle": 0, "axis": "y", "origin": [8, 0, 9]},
			"faces": {
				"north": {"uv": [0.5, 0.5, 1, 16], "texture": "#0"},
				"east": {"uv": [0, 0.5, 0.5, 16], "texture": "#0"},
				"south": {"uv": [1.5, 0.5, 2, 16], "texture": "#0"},
				"west": {"uv": [1, 0.5, 1.5, 16], "texture": "#0"},
				"up": {"uv": [1, 0.5, 0.5, 0], "texture": "#0"},
				"down": {"uv": [1.5, 0, 1, 0.5], "texture": "#0"}
			}
		},
		{
			"name": "trident",
			"from": [9.5, 26, 8.5],
			"to": [10.5, 30, 9.5],
			"rotation": {"angle": 0, "axis": "y", "origin": [8, 0, 9]},
			"faces": {
				"north": {"uv": [2.5, 2, 3, 4], "texture": "#0"},
				"east": {"uv": [2, 2, 2.5, 4], "texture": "#0"},
				"south": {"uv": [3.5, 2, 4, 4], "texture": "#0"},
				"west": {"uv": [3, 2, 3.5, 4], "texture": "#0"},
				"up": {"uv": [3, 2, 2.5, 1.5], "texture": "#0"},
				"down": {"uv": [3.5, 1.5, 3, 2], "texture": "#0"}
			}
		},
		{
			"name": "trident",
			"from": [5.5, 26, 8.5],
			"to": [6.5, 30, 9.5],
			"rotation": {"angle": 0, "axis": "y", "origin": [8, 0, 9]},
			"faces": {
				"north": {"uv": [2.5, 2, 3, 4], "texture": "#0"},
				"east": {"uv": [2, 2, 2.5, 4], "texture": "#0"},
				"south": {"uv": [3.5, 2, 4, 4], "texture": "#0"},
				"west": {"uv": [3, 2, 3.5, 4], "texture": "#0"},
				"up": {"uv": [3, 2, 2.5, 1.5], "texture": "#0"},
				"down": {"uv": [3.5, 1.5, 3, 2], "texture": "#0"}
			}
		}
	],
	"display": {
		"thirdperson_righthand": {
			"rotation": [0, 0, -180],
			"translation": [-8, -22.5, 9.5]
		},
		"thirdperson_lefthand": {
			"rotation": [0, 0, -180],
			"translation": [8, -22.5, 9.5]
		},
		"firstperson_righthand": {
			"rotation": [0, -90, 25],
			"translation": [-3, 17, 1]
		},
		"firstperson_lefthand": {
			"rotation": [0, 90, -25],
			"translation": [13, 17, 1]
		},
		"ground": {
			"rotation": [-90, 0, 0],
			"translation": [0, -4.5, 6.25]
		},
		"gui": {
			"rotation": [-23, -8, -41],
			"translation": [-3.75, -4.5, 0],
			"scale": [0.8, 0.8, 0.8]
		},
		"fixed": {
			"rotation": [0, 0, 47],
			"translation": [4, -3.75, -1.5],
			"scale": [0.75, 0.75, 0.75]
		}
	},
	"groups": [
		{
			"name": "trident",
			"origin": [0, 0, 0],
			"children": [0, 1, 2, 3]
		}
	]
}