{
	"credit": "Made with Blockbench",
	"texture_size": [32, 32],
	"textures": {
		"0": "item/tridentt/trident",
		"particle": "item/tridentt/trident"
	},
	"elements": [
		{
			"name": "trident",
			"from": [6.5, 10, 7.5],
			"to": [9.5, 13, 10.5],
			"rotation": {"angle": 0, "axis": "y", "origin": [8, 0, 9]},
			"faces": {
				"north": {"uv": [3.5, 4, 5, 5.5], "texture": "#0"},
				"east": {"uv": [2, 4, 3.5, 5.5], "texture": "#0"},
				"south": {"uv": [6.5, 4, 8, 5.5], "texture": "#0"},
				"west": {"uv": [5, 4, 6.5, 5.5], "texture": "#0"},
				"up": {"uv": [5, 4, 3.5, 2.5], "texture": "#0"},
				"down": {"uv": [6.5, 2.5, 5, 4], "texture": "#0"}
			}
		},
		{
			"name": "trident",
			"from": [7.5, -16, 8.5],
			"to": [8.5, 10, 9.5],
			"rotation": {"angle": 0, "axis": "y", "origin": [8, 0, 9]},
			"faces": {
				"north": {"uv": [0.5, 3, 1, 16], "texture": "#0"},
				"east": {"uv": [0, 3, 0.5, 16], "texture": "#0"},
				"south": {"uv": [1.5, 3, 2, 16], "texture": "#0"},
				"west": {"uv": [1, 3, 1.5, 16], "texture": "#0"},
				"up": {"uv": [1, 3, 0.5, 2.5], "texture": "#missing"},
				"down": {"uv": [1.5, 2.5, 1, 3], "texture": "#0"}
			}
		},
		{
			"name": "trident",
			"from": [7.5, 13, 8.5],
			"to": [8.5, 20, 9.5],
			"rotation": {"angle": 0, "axis": "y", "origin": [8, 0, 9]},
			"faces": {
				"north": {"uv": [2.5, 6, 3, 9.5], "texture": "#0"},
				"east": {"uv": [2, 6, 2.5, 9.5], "texture": "#0"},
				"south": {"uv": [3.5, 6, 4, 9.5], "texture": "#0"},
				"west": {"uv": [3, 6, 3.5, 9.5], "texture": "#0"},
				"up": {"uv": [3, 6, 2.5, 5.5], "texture": "#0"},
				"down": {"uv": [3.5, 5.5, 3, 6], "texture": "#0"}
			}
		},
		{
			"name": "trident",
			"from": [10.5, 11, 8.5],
			"to": [11.5, 18, 9.5],
			"rotation": {"angle": 0, "axis": "y", "origin": [8, 0, 9]},
			"faces": {
				"north": {"uv": [2.5, 6, 3, 9.5], "texture": "#0"},
				"east": {"uv": [2, 6, 2.5, 9.5], "texture": "#0"},
				"south": {"uv": [3.5, 6, 4, 9.5], "texture": "#0"},
				"west": {"uv": [3, 6, 3.5, 9.5], "texture": "#0"},
				"up": {"uv": [3, 6, 2.5, 5.5], "texture": "#0"},
				"down": {"uv": [3.5, 5.5, 3, 6], "texture": "#0"}
			}
		},
		{
			"name": "trident",
			"from": [4.5, 11, 8.5],
			"to": [5.5, 18, 9.5],
			"rotation": {"angle": 0, "axis": "y", "origin": [8, 0, 9]},
			"faces": {
				"north": {"uv": [2.5, 6, 3, 9.5], "texture": "#0"},
				"east": {"uv": [2, 6, 2.5, 9.5], "texture": "#0"},
				"south": {"uv": [3.5, 6, 4, 9.5], "texture": "#0"},
				"west": {"uv": [3, 6, 3.5, 9.5], "texture": "#0"},
				"up": {"uv": [3, 6, 2.5, 5.5], "texture": "#0"},
				"down": {"uv": [3.5, 5.5, 3, 6], "texture": "#0"}
			}
		},
		{
			"name": "trident",
			"from": [9.5, 11, 8.5],
			"to": [10.5, 12, 9.5],
			"rotation": {"angle": 0, "axis": "y", "origin": [8, 0, 9]},
			"faces": {
				"north": {"uv": [2.5, 10, 3, 10.5], "texture": "#0"},
				"east": {"uv": [2, 10, 2.5, 10.5], "texture": "#0"},
				"south": {"uv": [3.5, 10, 4, 10.5], "texture": "#0"},
				"west": {"uv": [3, 10, 3.5, 10.5], "texture": "#0"},
				"up": {"uv": [3, 10, 2.5, 9.5], "texture": "#0"},
				"down": {"uv": [3.5, 9.5, 3, 10], "texture": "#0"}
			}
		},
		{
			"name": "trident",
			"from": [5.5, 11, 8.5],
			"to": [6.5, 12, 9.5],
			"rotation": {"angle": 0, "axis": "y", "origin": [8, 0, 9]},
			"faces": {
				"north": {"uv": [2.5, 10, 3, 10.5], "texture": "#0"},
				"east": {"uv": [2, 10, 2.5, 10.5], "texture": "#0"},
				"south": {"uv": [3.5, 10, 4, 10.5], "texture": "#0"},
				"west": {"uv": [3, 10, 3.5, 10.5], "texture": "#0"},
				"up": {"uv": [3, 10, 2.5, 9.5], "texture": "#0"},
				"down": {"uv": [3.5, 9.5, 3, 10], "texture": "#0"}
			}
		}
	],
	"display": {
		"thirdperson_righthand": {
			"translation": [0, 8.75, 0.75]
		},
		"thirdperson_lefthand": {
			"translation": [0, 8.75, 0.75],
			"scale": [0.98242, 1, 1]
		},
		"firstperson_righthand": {
			"rotation": [-25, -85, 0],
			"translation": [2, 0.75, 0],
			"scale": [1, 0.94727, 1]
		},
		"firstperson_lefthand": {
			"rotation": [-20, 95, 0],
			"translation": [0.25, -0.5, 0]
		},
		"ground": {
			"rotation": [-36, 0, 0],
			"translation": [-1.25, 18, -6]
		},
		"gui": {
			"rotation": [-23, -8, -45],
			"translation": [2.5, 1.75, 0],
			"scale": [0.65, 0.5, 0.6]
		},
		"head": {
			"translation": [0, 34, -1.5],
			"scale": [1, 1.11523, 1]
		},
		"fixed": {
			"rotation": [0, 0, 45],
			"translation": [-3.25, 3.25, -1.5],
			"scale": [0.85, 0.61, 0.86]
		}
	},
	"groups": [
		{
			"name": "trident",
			"origin": [0, 0, 0],
			"color": 0,
			"children": [0, 1, 2, 3, 4, 5, 6]
		}
	]
}