{
	"credit": "Made with Blockbench",
	"texture_size": [32, 32],
	"textures": {
		"0": "item/winner/korunka",
		"particle": "item/winner/korunka"
	},
	"elements": [
		{
			"from": [4, 0, 7],
			"to": [12, 1, 8],
			"faces": {
				"north": {"uv": [0, 5, 4, 5.5], "texture": "#0"},
				"east": {"uv": [1.5, 8.5, 2, 9], "texture": "#0"},
				"south": {"uv": [4, 5, 8, 5.5], "texture": "#0"},
				"west": {"uv": [8.5, 8.5, 9, 9], "texture": "#0"},
				"up": {"uv": [4, 6, 0, 5.5], "texture": "#0"},
				"down": {"uv": [8, 5.5, 4, 6], "texture": "#0"}
			}
		},
		{
			"from": [7, 1, 7],
			"to": [9, 5, 8],
			"faces": {
				"north": {"uv": [0, 6, 1, 8], "texture": "#0"},
				"east": {"uv": [3, 7, 3.5, 9], "texture": "#0"},
				"south": {"uv": [1, 6, 2, 8], "texture": "#0"},
				"west": {"uv": [3.5, 7, 4, 9], "texture": "#0"},
				"up": {"uv": [1.5, 9, 0.5, 8.5], "texture": "#0"},
				"down": {"uv": [5, 8.5, 4, 9], "texture": "#0"}
			}
		},
		{
			"from": [6, 3, 7],
			"to": [10, 4, 8],
			"faces": {
				"north": {"uv": [4, 7, 6, 7.5], "texture": "#0"},
				"east": {"uv": [9, 0, 9.5, 0.5], "texture": "#0"},
				"south": {"uv": [6, 7, 8, 7.5], "texture": "#0"},
				"west": {"uv": [0.5, 9, 1, 9.5], "texture": "#0"},
				"up": {"uv": [6, 8, 4, 7.5], "texture": "#0"},
				"down": {"uv": [8, 7.5, 6, 8], "texture": "#0"}
			}
		},
		{
			"from": [6, 5, 7],
			"to": [10, 6, 8],
			"faces": {
				"north": {"uv": [0, 8, 2, 8.5], "texture": "#0"},
				"east": {"uv": [9, 0.5, 9.5, 1], "texture": "#0"},
				"south": {"uv": [4, 8, 6, 8.5], "texture": "#0"},
				"west": {"uv": [1, 9, 1.5, 9.5], "texture": "#0"},
				"up": {"uv": [10, 4.5, 8, 4], "texture": "#0"},
				"down": {"uv": [10, 4.5, 8, 5], "texture": "#0"}
			}
		},
		{
			"from": [3, 6, 7],
			"to": [13, 7, 8],
			"faces": {
				"north": {"uv": [4, 0, 9, 0.5], "texture": "#0"},
				"east": {"uv": [9, 1, 9.5, 1.5], "texture": "#0"},
				"south": {"uv": [4, 0.5, 9, 1], "texture": "#0"},
				"west": {"uv": [1.5, 9, 2, 9.5], "texture": "#0"},
				"up": {"uv": [9, 1.5, 4, 1], "texture": "#0"},
				"down": {"uv": [9, 1.5, 4, 2], "texture": "#0"}
			}
		},
		{
			"from": [5, 7, 7],
			"to": [11, 8, 8],
			"faces": {
				"north": {"uv": [2, 6, 5, 6.5], "texture": "#0"},
				"east": {"uv": [9, 1.5, 9.5, 2], "texture": "#0"},
				"south": {"uv": [5, 6, 8, 6.5], "texture": "#0"},
				"west": {"uv": [9, 2, 9.5, 2.5], "texture": "#0"},
				"up": {"uv": [5, 7, 2, 6.5], "texture": "#0"},
				"down": {"uv": [8, 6.5, 5, 7], "texture": "#0"}
			}
		},
		{
			"from": [2, 7, 7],
			"to": [3, 8, 8],
			"faces": {
				"north": {"uv": [9, 2.5, 9.5, 3], "texture": "#0"},
				"east": {"uv": [3, 9, 3.5, 9.5], "texture": "#0"},
				"south": {"uv": [9, 3, 9.5, 3.5], "texture": "#0"},
				"west": {"uv": [3.5, 9, 4, 9.5], "texture": "#0"},
				"up": {"uv": [9.5, 4, 9, 3.5], "texture": "#0"},
				"down": {"uv": [4.5, 9, 4, 9.5], "texture": "#0"}
			}
		},
		{
			"from": [13, 7, 7],
			"to": [14, 8, 8],
			"faces": {
				"north": {"uv": [4.5, 9, 5, 9.5], "texture": "#0"},
				"east": {"uv": [5, 9, 5.5, 9.5], "texture": "#0"},
				"south": {"uv": [5.5, 9, 6, 9.5], "texture": "#0"},
				"west": {"uv": [8.5, 9, 9, 9.5], "texture": "#0"},
				"up": {"uv": [9.5, 9, 9, 8.5], "texture": "#0"},
				"down": {"uv": [9.5, 9, 9, 9.5], "texture": "#0"}
			}
		},
		{
			"from": [4, 8, 7],
			"to": [12, 13, 8],
			"faces": {
				"north": {"uv": [0, 0, 4, 2.5], "texture": "#0"},
				"east": {"uv": [2, 7, 2.5, 9.5], "texture": "#0"},
				"south": {"uv": [0, 2.5, 4, 5], "texture": "#0"},
				"west": {"uv": [2.5, 7, 3, 9.5], "texture": "#0"},
				"up": {"uv": [8, 4.5, 4, 4], "texture": "#0"},
				"down": {"uv": [8, 4.5, 4, 5], "texture": "#0"}
			}
		},
		{
			"from": [3, 13, 7],
			"to": [13, 14, 8],
			"faces": {
				"north": {"uv": [4, 2, 9, 2.5], "texture": "#0"},
				"east": {"uv": [9.5, 0, 10, 0.5], "texture": "#0"},
				"south": {"uv": [4, 2.5, 9, 3], "texture": "#0"},
				"west": {"uv": [0.5, 9.5, 1, 10], "texture": "#0"},
				"up": {"uv": [9, 3.5, 4, 3], "texture": "#0"},
				"down": {"uv": [9, 3.5, 4, 4], "texture": "#0"}
			}
		},
		{
			"from": [1, 8, 7],
			"to": [2, 11, 8],
			"faces": {
				"north": {"uv": [8, 5, 8.5, 6.5], "texture": "#0"},
				"east": {"uv": [6, 8, 6.5, 9.5], "texture": "#0"},
				"south": {"uv": [6.5, 8, 7, 9.5], "texture": "#0"},
				"west": {"uv": [8, 6.5, 8.5, 8], "texture": "#0"},
				"up": {"uv": [10, 1, 9.5, 0.5], "texture": "#0"},
				"down": {"uv": [1.5, 9.5, 1, 10], "texture": "#0"}
			}
		},
		{
			"from": [2, 11, 7],
			"to": [4, 12, 8],
			"faces": {
				"north": {"uv": [5, 8.5, 6, 9], "texture": "#0"},
				"east": {"uv": [9.5, 1, 10, 1.5], "texture": "#0"},
				"south": {"uv": [8.5, 5, 9.5, 5.5], "texture": "#0"},
				"west": {"uv": [1.5, 9.5, 2, 10], "texture": "#0"},
				"up": {"uv": [9.5, 6, 8.5, 5.5], "texture": "#0"},
				"down": {"uv": [9.5, 6, 8.5, 6.5], "texture": "#0"}
			}
		},
		{
			"from": [14, 8, 7],
			"to": [15, 11, 8],
			"faces": {
				"north": {"uv": [7, 8, 7.5, 9.5], "texture": "#0"},
				"east": {"uv": [7.5, 8, 8, 9.5], "texture": "#0"},
				"south": {"uv": [8, 8, 8.5, 9.5], "texture": "#0"},
				"west": {"uv": [0, 8.5, 0.5, 10], "texture": "#0"},
				"up": {"uv": [10, 2, 9.5, 1.5], "texture": "#0"},
				"down": {"uv": [2.5, 9.5, 2, 10], "texture": "#0"}
			}
		},
		{
			"from": [12, 11, 7],
			"to": [14, 12, 8],
			"faces": {
				"north": {"uv": [8.5, 6.5, 9.5, 7], "texture": "#0"},
				"east": {"uv": [9.5, 2, 10, 2.5], "texture": "#0"},
				"south": {"uv": [8.5, 7, 9.5, 7.5], "texture": "#0"},
				"west": {"uv": [2.5, 9.5, 3, 10], "texture": "#0"},
				"up": {"uv": [9.5, 8, 8.5, 7.5], "texture": "#0"},
				"down": {"uv": [9.5, 8, 8.5, 8.5], "texture": "#0"}
			}
		}
	],
	"display": {
		"thirdperson_righthand": {
			"rotation": [1, -1, 0],
			"translation": [0.25, 7, 1.25],
			"scale": [1, 0.97656, 1]
		},
		"thirdperson_lefthand": {
			"translation": [0, 5.75, 0],
			"scale": [1.05273, 1.04883, 1]
		},
		"ground": {
			"translation": [0, 5.5, 0]
		},
		"head": {
			"translation": [0, 14.25, 0],
			"scale": [1.05, 1, 1.1]
		}
	}
}